{"cameraMode":{"drawMode":0,"name":"Shaded","section":"Shading Mode"},"sceneLighting":false,"audioPlay":false,"sceneViewState":{"showFog":true,"showMaterialUpdate":false,"showSkybox":false,"showFlares":true,"showImageEffects":true,"showParticleSystems":true},"in2DMode":false,"pivot":{"x":2.9802322387695315e-8,"y":0.5125722289085388,"z":0.6040446758270264},"rotation":{"x":-0.24782826006412507,"y":-0.3053921163082123,"z":0.08265313506126404,"w":-0.9157081842422485},"size":1.3108843564987183,"orthographic":false}