{"cameraMode":{"drawMode":0,"name":"Shaded","section":"Shading Mode"},"sceneLighting":false,"audioPlay":false,"sceneViewState":{"showFog":true,"showMaterialUpdate":false,"showSkybox":false,"showFlares":true,"showImageEffects":true,"showParticleSystems":true},"in2DMode":false,"pivot":{"x":-126.80000305175781,"y":5.610000133514404,"z":0.0},"rotation":{"x":0.08200526237487793,"y":0.4925055503845215,"z":-0.046678345650434497,"w":0.8651872277259827},"size":2.571699619293213,"orthographic":false}