{"cameraMode":{"drawMode":0,"name":"Shaded","section":"Shading Mode"},"sceneLighting":false,"audioPlay":false,"sceneViewState":{"showFog":true,"showMaterialUpdate":false,"showSkybox":false,"showFlares":true,"showImageEffects":true,"showParticleSystems":true},"in2DMode":false,"pivot":{"x":3.4566564559936525,"y":-2.813260078430176,"z":1.0687260627746583},"rotation":{"x":-0.3173220455646515,"y":0.5216608047485352,"z":-0.21736997365951539,"w":-0.7615333795547485},"size":29.693138122558595,"orthographic":false}